run_id,subject,reference,category,fatal,message
equivalence-mongodb-northwind-file-python,port,resources,count,False,"Count differs: resources Orders.1 has 4, port Orders.2 has 7"
equivalence-mongodb-northwind-file-python,port,resources,count,False,"Count differs: resources Orders.2 has 3, port Orders.4 has 1"
equivalence-mongodb-northwind-file-python,port,resources,count,False,"Count differs: resources Orders.4 has 9, port Orders.2 has 7"
equivalence-mongodb-northwind-file-python,port,resources,count,False,"Count differs: resources Orders.8 has 2, port Orders.5 has 1"
equivalence-mongodb-northwind-file-python,port,resources,variation,False,port Orders.6 was not matched by any variation in resources Orders
equivalence-mongodb-northwind-file-python,port,resources,variation,False,port Orders.7 was not matched by any variation in resources Orders
equivalence-mongodb-northwind-file-python,port,resources,variation,False,port Orders.8 was not matched by any variation in resources Orders
equivalence-mongodb-northwind-file-python,port,resources,variation,False,port Orders.9 was not matched by any variation in resources Orders
equivalence-mongodb-northwind-file-python,port,resources,count,False,"Count differs: resources Products.1 has 5, port Products.1 has 25"
equivalence-mongodb-northwind-file-python,port,resources,count,False,"Count differs: resources Purchase_orders.4 has 1, port Purchase_orders.3 has 14"
equivalence-mongodb-northwind-file-python,port,resources,count,False,"Count differs: resources Purchase_orders.7 has 2, port Purchase_orders.2 has 1"
equivalence-mongodb-northwind-file-python,port,resources,variation,False,port Purchase_orders.4 was not matched by any variation in resources Purchase_orders
equivalence-mongodb-northwind-file-python,port,resources,count,False,"Count differs: resources Detail.1 has 6, port Detail.1 has 11"
equivalence-mongodb-northwind-file-python,port,resources,count,False,"Count differs: resources Detail.2 has 11, port Detail.2 has 7"
equivalence-mongodb-northwind-file-python,port,resources,count,False,"Count differs: resources Detail.5 has 18, port Detail.4 has 17"
equivalence-mongodb-northwind-database-python,port,resources,count,False,"Count differs: resources Orders.1 has 4, port Orders.2 has 7"
equivalence-mongodb-northwind-database-python,port,resources,count,False,"Count differs: resources Orders.2 has 3, port Orders.4 has 1"
equivalence-mongodb-northwind-database-python,port,resources,count,False,"Count differs: resources Orders.4 has 9, port Orders.2 has 7"
equivalence-mongodb-northwind-database-python,port,resources,count,False,"Count differs: resources Orders.8 has 2, port Orders.5 has 1"
equivalence-mongodb-northwind-database-python,port,resources,variation,False,port Orders.6 was not matched by any variation in resources Orders
equivalence-mongodb-northwind-database-python,port,resources,variation,False,port Orders.7 was not matched by any variation in resources Orders
equivalence-mongodb-northwind-database-python,port,resources,variation,False,port Orders.8 was not matched by any variation in resources Orders
equivalence-mongodb-northwind-database-python,port,resources,variation,False,port Orders.9 was not matched by any variation in resources Orders
equivalence-mongodb-northwind-database-python,port,resources,count,False,"Count differs: resources Products.1 has 5, port Products.1 has 25"
equivalence-mongodb-northwind-database-python,port,resources,count,False,"Count differs: resources Purchase_orders.4 has 1, port Purchase_orders.3 has 14"
equivalence-mongodb-northwind-database-python,port,resources,count,False,"Count differs: resources Purchase_orders.7 has 2, port Purchase_orders.2 has 1"
equivalence-mongodb-northwind-database-python,port,resources,variation,False,port Purchase_orders.4 was not matched by any variation in resources Purchase_orders
equivalence-mongodb-northwind-database-python,port,resources,count,False,"Count differs: resources Detail.1 has 6, port Detail.1 has 11"
equivalence-mongodb-northwind-database-python,port,resources,count,False,"Count differs: resources Detail.2 has 11, port Detail.2 has 7"
equivalence-mongodb-northwind-database-python,port,resources,count,False,"Count differs: resources Detail.5 has 18, port Detail.4 has 17"
oracle_chain-mongodb-up_a_small-23-python,port,seeded_oracle,count,False,"Count differs: seeded_oracle User.1 has 5646, port User.1 has 5653"
oracle_chain-mongodb-up_a_small-23-python,port,seeded_oracle,count,False,"Count differs: seeded_oracle User.2 has 16736, port User.2 has 16724"
oracle_chain-mongodb-up_a_small-23-python,port,seeded_oracle,count,False,"Count differs: seeded_oracle Address.1 has 5646, port Address.1 has 5653"
oracle_chain-mongodb-up_a_small-23-python,port,seeded_oracle,count,False,"Count differs: seeded_oracle Address.2 has 16736, port Address.2 has 16724"
oracle_chain-mongodb-up_a_small-23-python,port,seeded_oracle,count,False,"Count differs: seeded_oracle _id.1 has 72382, port _id.1 has 72377"
oracle_chain-mongodb-up_a_small-23-python,port,seeded_oracle,count,False,"Count differs: seeded_oracle Favoritemovie.1 has 5646, port Favoritemovie.1 has 5653"
oracle_chain-mongodb-up_a_small-23-python,port,seeded_oracle,count,False,"Count differs: seeded_oracle Watchedmovie.1 has 22382, port Watchedmovie.1 has 22377"
oracle_chain-mongodb-up_a_medium-23-python,port,seeded_oracle,count,False,"Count differs: seeded_oracle User.1 has 3897, port User.1 has 4095"
oracle_chain-mongodb-up_a_medium-23-python,port,seeded_oracle,count,False,"Count differs: seeded_oracle User.2 has 20120, port User.2 has 20157"
oracle_chain-mongodb-up_a_medium-23-python,port,seeded_oracle,count,False,"Count differs: seeded_oracle Address.1 has 3897, port Address.1 has 4095"
oracle_chain-mongodb-up_a_medium-23-python,port,seeded_oracle,count,False,"Count differs: seeded_oracle Address.2 has 20120, port Address.2 has 20157"
oracle_chain-mongodb-up_a_medium-23-python,port,seeded_oracle,count,False,"Count differs: seeded_oracle _id.1 has 124017, port _id.1 has 124252"
oracle_chain-mongodb-up_a_medium-23-python,port,seeded_oracle,count,False,"Count differs: seeded_oracle Favoritemovie.1 has 3897, port Favoritemovie.1 has 4095"
oracle_chain-mongodb-up_a_medium-23-python,port,seeded_oracle,count,False,"Count differs: seeded_oracle Watchedmovie.1 has 24017, port Watchedmovie.1 has 24252"
oracle_chain-mongodb-up_a_large-23-python,port,seeded_oracle,count,False,"Count differs: seeded_oracle User.1 has 2056, port User.1 has 2018"
oracle_chain-mongodb-up_a_large-23-python,port,seeded_oracle,count,False,"Count differs: seeded_oracle User.2 has 19853, port User.2 has 19849"
oracle_chain-mongodb-up_a_large-23-python,port,seeded_oracle,count,False,"Count differs: seeded_oracle Address.1 has 2056, port Address.1 has 2018"
oracle_chain-mongodb-up_a_large-23-python,port,seeded_oracle,count,False,"Count differs: seeded_oracle Address.2 has 19853, port Address.2 has 19849"
oracle_chain-mongodb-up_a_large-23-python,port,seeded_oracle,count,False,"Count differs: seeded_oracle _id.1 has 221909, port _id.1 has 221867"
oracle_chain-mongodb-up_a_large-23-python,port,seeded_oracle,count,False,"Count differs: seeded_oracle Favoritemovie.1 has 2056, port Favoritemovie.1 has 2018"
oracle_chain-mongodb-up_a_large-23-python,port,seeded_oracle,count,False,"Count differs: seeded_oracle Watchedmovie.1 has 21909, port Watchedmovie.1 has 21867"
oracle_chain-mongodb-up_a_larger-23-python,port,seeded_oracle,count,False,"Count differs: seeded_oracle User.1 has 971, port User.1 has 1064"
oracle_chain-mongodb-up_a_larger-23-python,port,seeded_oracle,count,False,"Count differs: seeded_oracle User.2 has 19961, port User.2 has 19924"
oracle_chain-mongodb-up_a_larger-23-python,port,seeded_oracle,count,False,"Count differs: seeded_oracle Address.1 has 971, port Address.1 has 1064"
oracle_chain-mongodb-up_a_larger-23-python,port,seeded_oracle,count,False,"Count differs: seeded_oracle Address.2 has 19961, port Address.2 has 19924"
oracle_chain-mongodb-up_a_larger-23-python,port,seeded_oracle,count,False,"Count differs: seeded_oracle _id.1 has 420932, port _id.1 has 420988"
oracle_chain-mongodb-up_a_larger-23-python,port,seeded_oracle,count,False,"Count differs: seeded_oracle Favoritemovie.1 has 971, port Favoritemovie.1 has 1064"
oracle_chain-mongodb-up_a_larger-23-python,port,seeded_oracle,count,False,"Count differs: seeded_oracle Watchedmovie.1 has 20932, port Watchedmovie.1 has 20988"
oracle_chain-mongodb-up_b_small-23-python,port,seeded_oracle,count,False,"Count differs: seeded_oracle User.1 has 21756, port User.1 has 21827"
oracle_chain-mongodb-up_b_small-23-python,port,seeded_oracle,count,False,"Count differs: seeded_oracle User.2 has 9170, port User.2 has 9343"
oracle_chain-mongodb-up_b_small-23-python,port,seeded_oracle,count,False,"Count differs: seeded_oracle Address.1 has 9170, port Address.1 has 9343"
oracle_chain-mongodb-up_b_small-23-python,port,seeded_oracle,count,False,"Count differs: seeded_oracle Address.2 has 21756, port Address.2 has 21827"
oracle_chain-mongodb-up_b_small-23-python,port,seeded_oracle,count,False,"Count differs: seeded_oracle Watchedmovie.1 has 20200, port Watchedmovie.1 has 20329"
oracle_chain-mongodb-up_b_medium-23-python,port,seeded_oracle,count,False,"Count differs: seeded_oracle User.2 has 10285, port User.2 has 10104"
oracle_chain-mongodb-up_b_medium-23-python,port,seeded_oracle,count,False,"Count differs: seeded_oracle Address.1 has 10285, port Address.1 has 10104"
oracle_chain-mongodb-up_b_medium-23-python,port,seeded_oracle,count,False,"Count differs: seeded_oracle Watchedmovie.1 has 22398, port Watchedmovie.1 has 22265"
oracle_chain-mongodb-up_b_large-23-python,port,seeded_oracle,count,False,"Count differs: seeded_oracle User.1 has 46902, port User.1 has 46937"
oracle_chain-mongodb-up_b_large-23-python,port,seeded_oracle,count,False,"Count differs: seeded_oracle User.2 has 11056, port User.2 has 10873"
oracle_chain-mongodb-up_b_large-23-python,port,seeded_oracle,count,False,"Count differs: seeded_oracle Address.1 has 11056, port Address.1 has 10873"
oracle_chain-mongodb-up_b_large-23-python,port,seeded_oracle,count,False,"Count differs: seeded_oracle Address.2 has 46902, port Address.2 has 46937"
oracle_chain-mongodb-up_b_large-23-python,port,seeded_oracle,count,False,"Count differs: seeded_oracle Watchedmovie.1 has 20813, port Watchedmovie.1 has 20786"
oracle_chain-mongodb-up_b_larger-23-python,port,seeded_oracle,count,False,"Count differs: seeded_oracle User.1 has 14799, port User.2 has 15071"
oracle_chain-mongodb-up_b_larger-23-python,port,seeded_oracle,count,False,"Count differs: seeded_oracle User.2 has 76965, port User.1 has 76910"
oracle_chain-mongodb-up_b_larger-23-python,port,seeded_oracle,count,False,"Count differs: seeded_oracle Address.1 has 14799, port Address.1 has 15071"
oracle_chain-mongodb-up_b_larger-23-python,port,seeded_oracle,count,False,"Count differs: seeded_oracle Address.2 has 76965, port Address.2 has 76910"
oracle_chain-mongodb-up_b_larger-23-python,port,seeded_oracle,count,False,"Count differs: seeded_oracle Watchedmovie.1 has 20333, port Watchedmovie.1 has 20403"
oracle_chain-mongodb-up_a_small-23-spark,port,seeded_oracle,count,False,"Count differs: seeded_oracle User.1 has 5646, port User.1 has 5653"
oracle_chain-mongodb-up_a_small-23-spark,port,seeded_oracle,count,False,"Count differs: seeded_oracle User.2 has 16736, port User.2 has 16724"
oracle_chain-mongodb-up_a_small-23-spark,port,seeded_oracle,count,False,"Count differs: seeded_oracle Address.1 has 5646, port Address.1 has 5653"
oracle_chain-mongodb-up_a_small-23-spark,port,seeded_oracle,count,False,"Count differs: seeded_oracle Address.2 has 16736, port Address.2 has 16724"
oracle_chain-mongodb-up_a_small-23-spark,port,seeded_oracle,count,False,"Count differs: seeded_oracle _id.1 has 72382, port _id.1 has 72377"
oracle_chain-mongodb-up_a_small-23-spark,port,seeded_oracle,count,False,"Count differs: seeded_oracle Favoritemovie.1 has 5646, port Favoritemovie.1 has 5653"
oracle_chain-mongodb-up_a_small-23-spark,port,seeded_oracle,count,False,"Count differs: seeded_oracle Watchedmovie.1 has 22382, port Watchedmovie.1 has 22377"
oracle_chain-mongodb-up_a_medium-23-spark,port,seeded_oracle,count,False,"Count differs: seeded_oracle User.1 has 3897, port User.1 has 4095"
oracle_chain-mongodb-up_a_medium-23-spark,port,seeded_oracle,count,False,"Count differs: seeded_oracle User.2 has 20120, port User.2 has 20157"
oracle_chain-mongodb-up_a_medium-23-spark,port,seeded_oracle,count,False,"Count differs: seeded_oracle Address.1 has 3897, port Address.1 has 4095"
oracle_chain-mongodb-up_a_medium-23-spark,port,seeded_oracle,count,False,"Count differs: seeded_oracle Address.2 has 20120, port Address.2 has 20157"
oracle_chain-mongodb-up_a_medium-23-spark,port,seeded_oracle,count,False,"Count differs: seeded_oracle _id.1 has 124017, port _id.1 has 124252"
oracle_chain-mongodb-up_a_medium-23-spark,port,seeded_oracle,count,False,"Count differs: seeded_oracle Favoritemovie.1 has 3897, port Favoritemovie.1 has 4095"
oracle_chain-mongodb-up_a_medium-23-spark,port,seeded_oracle,count,False,"Count differs: seeded_oracle Watchedmovie.1 has 24017, port Watchedmovie.1 has 24252"
oracle_chain-mongodb-up_a_large-23-spark,port,seeded_oracle,count,False,"Count differs: seeded_oracle User.1 has 2056, port User.1 has 2018"
oracle_chain-mongodb-up_a_large-23-spark,port,seeded_oracle,count,False,"Count differs: seeded_oracle User.2 has 19853, port User.2 has 19849"
oracle_chain-mongodb-up_a_large-23-spark,port,seeded_oracle,count,False,"Count differs: seeded_oracle Address.1 has 2056, port Address.1 has 2018"
oracle_chain-mongodb-up_a_large-23-spark,port,seeded_oracle,count,False,"Count differs: seeded_oracle Address.2 has 19853, port Address.2 has 19849"
oracle_chain-mongodb-up_a_large-23-spark,port,seeded_oracle,count,False,"Count differs: seeded_oracle _id.1 has 221909, port _id.1 has 221867"
oracle_chain-mongodb-up_a_large-23-spark,port,seeded_oracle,count,False,"Count differs: seeded_oracle Favoritemovie.1 has 2056, port Favoritemovie.1 has 2018"
oracle_chain-mongodb-up_a_large-23-spark,port,seeded_oracle,count,False,"Count differs: seeded_oracle Watchedmovie.1 has 21909, port Watchedmovie.1 has 21867"
oracle_chain-mongodb-up_a_larger-23-spark,port,seeded_oracle,count,False,"Count differs: seeded_oracle User.1 has 19961, port User.2 has 19924"
oracle_chain-mongodb-up_a_larger-23-spark,port,seeded_oracle,count,False,"Count differs: seeded_oracle User.2 has 940, port User.1 has 1064"
oracle_chain-mongodb-up_a_larger-23-spark,port,seeded_oracle,count,False,"Count differs: seeded_oracle Address.1 has 19961, port Address.2 has 19924"
oracle_chain-mongodb-up_a_larger-23-spark,port,seeded_oracle,count,False,"Count differs: seeded_oracle Address.2 has 940, port Address.1 has 1064"
oracle_chain-mongodb-up_a_larger-23-spark,port,seeded_oracle,count,False,"Count differs: seeded_oracle _id.1 has 420901, port _id.1 has 420988"
oracle_chain-mongodb-up_a_larger-23-spark,port,seeded_oracle,count,False,"Count differs: seeded_oracle Watchedmovie.1 has 20901, port Watchedmovie.1 has 20988"
oracle_chain-mongodb-up_a_larger-23-spark,port,seeded_oracle,count,False,"Count differs: seeded_oracle Favoritemovie.1 has 940, port Favoritemovie.1 has 1064"
oracle_chain-mongodb-up_b_small-23-spark,port,seeded_oracle,count,False,"Count differs: seeded_oracle User.1 has 21756, port User.1 has 21827"
oracle_chain-mongodb-up_b_small-23-spark,port,seeded_oracle,count,False,"Count differs: seeded_oracle User.2 has 9170, port User.2 has 9343"
oracle_chain-mongodb-up_b_small-23-spark,port,seeded_oracle,count,False,"Count differs: seeded_oracle Address.1 has 9170, port Address.1 has 9343"
oracle_chain-mongodb-up_b_small-23-spark,port,seeded_oracle,count,False,"Count differs: seeded_oracle Address.2 has 21756, port Address.2 has 21827"
oracle_chain-mongodb-up_b_small-23-spark,port,seeded_oracle,count,False,"Count differs: seeded_oracle Watchedmovie.1 has 20200, port Watchedmovie.1 has 20329"
oracle_chain-mongodb-up_b_medium-23-spark,port,seeded_oracle,count,False,"Count differs: seeded_oracle User.2 has 10285, port User.2 has 10104"
oracle_chain-mongodb-up_b_medium-23-spark,port,seeded_oracle,count,False,"Count differs: seeded_oracle Address.1 has 10285, port Address.1 has 10104"
oracle_chain-mongodb-up_b_medium-23-spark,port,seeded_oracle,count,False,"Count differs: seeded_oracle Watchedmovie.1 has 22398, port Watchedmovie.1 has 22265"
oracle_chain-mongodb-up_b_large-23-spark,port,seeded_oracle,count,False,"Count differs: seeded_oracle User.1 has 46902, port User.1 has 46937"
oracle_chain-mongodb-up_b_large-23-spark,port,seeded_oracle,count,False,"Count differs: seeded_oracle User.2 has 11056, port User.2 has 10873"
oracle_chain-mongodb-up_b_large-23-spark,port,seeded_oracle,count,False,"Count differs: seeded_oracle Address.1 has 11056, port Address.1 has 10873"
oracle_chain-mongodb-up_b_large-23-spark,port,seeded_oracle,count,False,"Count differs: seeded_oracle Address.2 has 46902, port Address.2 has 46937"
oracle_chain-mongodb-up_b_large-23-spark,port,seeded_oracle,count,False,"Count differs: seeded_oracle Watchedmovie.1 has 20813, port Watchedmovie.1 has 20786"
oracle_chain-mongodb-up_b_larger-23-spark,port,seeded_oracle,count,False,"Count differs: seeded_oracle User.1 has 14799, port User.2 has 15071"
oracle_chain-mongodb-up_b_larger-23-spark,port,seeded_oracle,count,False,"Count differs: seeded_oracle User.2 has 76965, port User.1 has 76910"
oracle_chain-mongodb-up_b_larger-23-spark,port,seeded_oracle,count,False,"Count differs: seeded_oracle Address.1 has 14799, port Address.1 has 15071"
oracle_chain-mongodb-up_b_larger-23-spark,port,seeded_oracle,count,False,"Count differs: seeded_oracle Address.2 has 76965, port Address.2 has 76910"
oracle_chain-mongodb-up_b_larger-23-spark,port,seeded_oracle,count,False,"Count differs: seeded_oracle Watchedmovie.1 has 20333, port Watchedmovie.1 has 20403"
oracle_chain-neo4j-movies_min-23-python,port,resources,count,False,"Count differs: resources User.1 has 6393, port User.4 has 6320"
oracle_chain-neo4j-movies_min-23-python,port,resources,count,False,"Count differs: resources User.2 has 36106, port User.2 has 36251"
oracle_chain-neo4j-movies_min-23-python,port,resources,count,False,"Count differs: resources User.3 has 7501, port User.5 has 7429"
oracle_chain-neo4j-movies_min-23-python,port,resources,count,False,"Count differs: resources User.4 has 42592, port User.1 has 42475"
oracle_chain-neo4j-movies_min-23-python,port,resources,count,False,"Count differs: resources User.5 has 7408, port User.3 has 7525"
oracle_chain-neo4j-movies_min-23-python,port,resources,count,False,"Count differs: resources WATCHED.1 has 85091, port WATCHED.1 has 85046"
oracle_chain-neo4j-movies_min-23-python,port,resources,count,False,"Count differs: resources FAVORITE.1 has 36106, port FAVORITE.1 has 36251"
oracle_chain-neo4j-up_medium-23-python,port,resources,count,False,"Count differs: resources User.1 has 12741, port User.3 has 12616"
oracle_chain-neo4j-up_medium-23-python,port,resources,count,False,"Count differs: resources User.2 has 72339, port User.1 has 72169"
oracle_chain-neo4j-up_medium-23-python,port,resources,count,False,"Count differs: resources User.3 has 14920, port User.4 has 15215"
oracle_chain-neo4j-up_medium-23-python,port,resources,count,False,"Count differs: resources User.4 has 85172, port User.2 has 84939"
oracle_chain-neo4j-up_medium-23-python,port,resources,count,False,"Count differs: resources User.5 has 14828, port User.5 has 15061"
oracle_chain-neo4j-up_medium-23-python,port,resources,count,False,"Count differs: resources WATCHED.1 has 170252, port WATCHED.1 has 169724"
oracle_chain-neo4j-up_medium-23-python,port,resources,count,False,"Count differs: resources FAVORITE.1 has 72339, port FAVORITE.1 has 72169"
oracle_chain-neo4j-up_large-23-python,port,resources,count,False,"Count differs: resources User.1 has 25546, port User.3 has 25755"
oracle_chain-neo4j-up_large-23-python,port,resources,count,False,"Count differs: resources User.2 has 144562, port User.1 has 144142"
oracle_chain-neo4j-up_large-23-python,port,resources,count,False,"Count differs: resources User.3 has 29892, port User.5 has 30103"
oracle_chain-neo4j-up_large-23-python,port,resources,count,False,"Count differs: resources User.4 has 169749, port User.2 has 170056"
oracle_chain-neo4j-up_large-23-python,port,resources,count,False,"Count differs: resources User.5 has 30251, port User.4 has 29944"
oracle_chain-neo4j-up_large-23-python,port,resources,count,False,"Count differs: resources WATCHED.1 has 339857, port WATCHED.1 has 339953"
oracle_chain-neo4j-up_large-23-python,port,resources,count,False,"Count differs: resources FAVORITE.1 has 144562, port FAVORITE.1 has 144142"
oracle_chain-neo4j-up_larger-23-python,port,resources,count,False,"Count differs: resources User.1 has 50733, port User.3 has 51110"
oracle_chain-neo4j-up_larger-23-python,port,resources,count,False,"Count differs: resources User.2 has 289205, port User.2 has 288971"
oracle_chain-neo4j-up_larger-23-python,port,resources,count,False,"Count differs: resources User.3 has 60062, port User.4 has 59919"
oracle_chain-neo4j-up_larger-23-python,port,resources,count,False,"Count differs: resources User.4 has 339953, port User.1 has 340214"
oracle_chain-neo4j-up_larger-23-python,port,resources,count,False,"Count differs: resources User.5 has 60047, port User.5 has 59786"
oracle_chain-neo4j-up_larger-23-python,port,resources,count,False,"Count differs: resources WATCHED.1 has 679891, port WATCHED.1 has 680295"
oracle_chain-neo4j-up_larger-23-python,port,resources,count,False,"Count differs: resources FAVORITE.1 has 289205, port FAVORITE.1 has 288971"
size-neo4j-movies_min-23-python,port,resources,count,False,"Count differs: resources User.1 has 6393, port User.2 has 6320"
size-neo4j-movies_min-23-python,port,resources,count,False,"Count differs: resources User.2 has 36106, port User.3 has 36251"
size-neo4j-movies_min-23-python,port,resources,count,False,"Count differs: resources User.3 has 7501, port User.5 has 7429"
size-neo4j-movies_min-23-python,port,resources,count,False,"Count differs: resources User.4 has 42592, port User.1 has 42475"
size-neo4j-movies_min-23-python,port,resources,count,False,"Count differs: resources User.5 has 7408, port User.4 has 7525"
size-neo4j-movies_min-23-python,port,resources,count,False,"Count differs: resources WATCHED.1 has 85091, port WATCHED.1 has 85046"
size-neo4j-movies_min-23-python,port,resources,count,False,"Count differs: resources FAVORITE.1 has 36106, port FAVORITE.1 has 36251"
size-neo4j-up_medium-23-python,port,resources,count,False,"Count differs: resources User.1 has 12741, port User.4 has 12616"
size-neo4j-up_medium-23-python,port,resources,count,False,"Count differs: resources User.2 has 72339, port User.3 has 72169"
size-neo4j-up_medium-23-python,port,resources,count,False,"Count differs: resources User.3 has 14920, port User.1 has 15215"
size-neo4j-up_medium-23-python,port,resources,count,False,"Count differs: resources User.4 has 85172, port User.2 has 84939"
size-neo4j-up_medium-23-python,port,resources,count,False,"Count differs: resources User.5 has 14828, port User.5 has 15061"
size-neo4j-up_medium-23-python,port,resources,count,False,"Count differs: resources WATCHED.1 has 170252, port WATCHED.1 has 169724"
size-neo4j-up_medium-23-python,port,resources,count,False,"Count differs: resources FAVORITE.1 has 72339, port FAVORITE.1 has 72169"
size-neo4j-up_large-23-python,port,resources,count,False,"Count differs: resources User.1 has 25546, port User.2 has 25755"
size-neo4j-up_large-23-python,port,resources,count,False,"Count differs: resources User.2 has 144562, port User.4 has 144142"
size-neo4j-up_large-23-python,port,resources,count,False,"Count differs: resources User.3 has 29892, port User.5 has 30103"
size-neo4j-up_large-23-python,port,resources,count,False,"Count differs: resources User.4 has 169749, port User.1 has 170056"
size-neo4j-up_large-23-python,port,resources,count,False,"Count differs: resources User.5 has 30251, port User.3 has 29944"
size-neo4j-up_large-23-python,port,resources,count,False,"Count differs: resources WATCHED.1 has 339857, port WATCHED.1 has 339953"
size-neo4j-up_large-23-python,port,resources,count,False,"Count differs: resources FAVORITE.1 has 144562, port FAVORITE.1 has 144142"
size-neo4j-up_larger-23-python,port,resources,count,False,"Count differs: resources User.1 has 50733, port User.2 has 51110"
size-neo4j-up_larger-23-python,port,resources,count,False,"Count differs: resources User.2 has 289205, port User.3 has 288971"
size-neo4j-up_larger-23-python,port,resources,count,False,"Count differs: resources User.3 has 60062, port User.5 has 59919"
size-neo4j-up_larger-23-python,port,resources,count,False,"Count differs: resources User.4 has 339953, port User.4 has 340214"
size-neo4j-up_larger-23-python,port,resources,count,False,"Count differs: resources User.5 has 60047, port User.1 has 59786"
size-neo4j-up_larger-23-python,port,resources,count,False,"Count differs: resources WATCHED.1 has 679891, port WATCHED.1 has 680295"
size-neo4j-up_larger-23-python,port,resources,count,False,"Count differs: resources FAVORITE.1 has 289205, port FAVORITE.1 has 288971"
oracle_chain-neo4j-movies_min-23-spark,port,resources,count,False,"Count differs: resources User.1 has 6393, port User.2 has 6320"
oracle_chain-neo4j-movies_min-23-spark,port,resources,count,False,"Count differs: resources User.2 has 36106, port User.3 has 36251"
oracle_chain-neo4j-movies_min-23-spark,port,resources,count,False,"Count differs: resources User.3 has 7501, port User.4 has 7429"
oracle_chain-neo4j-movies_min-23-spark,port,resources,count,False,"Count differs: resources User.4 has 42592, port User.5 has 42475"
oracle_chain-neo4j-movies_min-23-spark,port,resources,count,False,"Count differs: resources User.5 has 7408, port User.1 has 7525"
oracle_chain-neo4j-movies_min-23-spark,port,resources,count,False,"Count differs: resources WATCHED.1 has 85091, port WATCHED.1 has 85046"
oracle_chain-neo4j-movies_min-23-spark,port,resources,count,False,"Count differs: resources FAVORITE.1 has 36106, port FAVORITE.1 has 36251"
oracle_chain-neo4j-up_medium-23-spark,port,resources,count,False,"Count differs: resources User.1 has 12741, port User.2 has 12616"
oracle_chain-neo4j-up_medium-23-spark,port,resources,count,False,"Count differs: resources User.2 has 72339, port User.3 has 72169"
oracle_chain-neo4j-up_medium-23-spark,port,resources,count,False,"Count differs: resources User.3 has 14920, port User.4 has 15215"
oracle_chain-neo4j-up_medium-23-spark,port,resources,count,False,"Count differs: resources User.4 has 85172, port User.5 has 84939"
oracle_chain-neo4j-up_medium-23-spark,port,resources,count,False,"Count differs: resources User.5 has 14828, port User.1 has 15061"
oracle_chain-neo4j-up_medium-23-spark,port,resources,count,False,"Count differs: resources WATCHED.1 has 170252, port WATCHED.1 has 169724"
oracle_chain-neo4j-up_medium-23-spark,port,resources,count,False,"Count differs: resources FAVORITE.1 has 72339, port FAVORITE.1 has 72169"
oracle_chain-neo4j-up_large-23-spark,port,resources,count,False,"Count differs: resources User.1 has 25546, port User.2 has 25755"
oracle_chain-neo4j-up_large-23-spark,port,resources,count,False,"Count differs: resources User.2 has 144562, port User.3 has 144142"
oracle_chain-neo4j-up_large-23-spark,port,resources,count,False,"Count differs: resources User.3 has 29892, port User.4 has 30103"
oracle_chain-neo4j-up_large-23-spark,port,resources,count,False,"Count differs: resources User.4 has 169749, port User.5 has 170056"
oracle_chain-neo4j-up_large-23-spark,port,resources,count,False,"Count differs: resources User.5 has 30251, port User.1 has 29944"
oracle_chain-neo4j-up_large-23-spark,port,resources,count,False,"Count differs: resources WATCHED.1 has 339857, port WATCHED.1 has 339953"
oracle_chain-neo4j-up_large-23-spark,port,resources,count,False,"Count differs: resources FAVORITE.1 has 144562, port FAVORITE.1 has 144142"
oracle_chain-neo4j-up_larger-23-spark,port,resources,count,False,"Count differs: resources User.1 has 50733, port User.2 has 51110"
oracle_chain-neo4j-up_larger-23-spark,port,resources,count,False,"Count differs: resources User.2 has 289205, port User.3 has 288971"
oracle_chain-neo4j-up_larger-23-spark,port,resources,count,False,"Count differs: resources User.3 has 60062, port User.4 has 59919"
oracle_chain-neo4j-up_larger-23-spark,port,resources,count,False,"Count differs: resources User.4 has 339953, port User.5 has 340214"
oracle_chain-neo4j-up_larger-23-spark,port,resources,count,False,"Count differs: resources User.5 has 60047, port User.1 has 59786"
oracle_chain-neo4j-up_larger-23-spark,port,resources,count,False,"Count differs: resources WATCHED.1 has 679891, port WATCHED.1 has 680295"
oracle_chain-neo4j-up_larger-23-spark,port,resources,count,False,"Count differs: resources FAVORITE.1 has 289205, port FAVORITE.1 has 288971"
size-neo4j-movies_min-23-spark,port,resources,count,False,"Count differs: resources User.1 has 6393, port User.2 has 6320"
size-neo4j-movies_min-23-spark,port,resources,count,False,"Count differs: resources User.2 has 36106, port User.3 has 36251"
size-neo4j-movies_min-23-spark,port,resources,count,False,"Count differs: resources User.3 has 7501, port User.4 has 7429"
size-neo4j-movies_min-23-spark,port,resources,count,False,"Count differs: resources User.4 has 42592, port User.5 has 42475"
size-neo4j-movies_min-23-spark,port,resources,count,False,"Count differs: resources User.5 has 7408, port User.1 has 7525"
size-neo4j-movies_min-23-spark,port,resources,count,False,"Count differs: resources WATCHED.1 has 85091, port WATCHED.1 has 85046"
size-neo4j-movies_min-23-spark,port,resources,count,False,"Count differs: resources FAVORITE.1 has 36106, port FAVORITE.1 has 36251"
size-neo4j-up_medium-23-spark,port,resources,count,False,"Count differs: resources User.1 has 12741, port User.2 has 12616"
size-neo4j-up_medium-23-spark,port,resources,count,False,"Count differs: resources User.2 has 72339, port User.3 has 72169"
size-neo4j-up_medium-23-spark,port,resources,count,False,"Count differs: resources User.3 has 14920, port User.4 has 15215"
size-neo4j-up_medium-23-spark,port,resources,count,False,"Count differs: resources User.4 has 85172, port User.5 has 84939"
size-neo4j-up_medium-23-spark,port,resources,count,False,"Count differs: resources User.5 has 14828, port User.1 has 15061"
size-neo4j-up_medium-23-spark,port,resources,count,False,"Count differs: resources WATCHED.1 has 170252, port WATCHED.1 has 169724"
size-neo4j-up_medium-23-spark,port,resources,count,False,"Count differs: resources FAVORITE.1 has 72339, port FAVORITE.1 has 72169"
size-neo4j-up_large-23-spark,port,resources,count,False,"Count differs: resources User.1 has 25546, port User.2 has 25755"
size-neo4j-up_large-23-spark,port,resources,count,False,"Count differs: resources User.2 has 144562, port User.3 has 144142"
size-neo4j-up_large-23-spark,port,resources,count,False,"Count differs: resources User.3 has 29892, port User.4 has 30103"
size-neo4j-up_large-23-spark,port,resources,count,False,"Count differs: resources User.4 has 169749, port User.5 has 170056"
size-neo4j-up_large-23-spark,port,resources,count,False,"Count differs: resources User.5 has 30251, port User.1 has 29944"
size-neo4j-up_large-23-spark,port,resources,count,False,"Count differs: resources WATCHED.1 has 339857, port WATCHED.1 has 339953"
size-neo4j-up_large-23-spark,port,resources,count,False,"Count differs: resources FAVORITE.1 has 144562, port FAVORITE.1 has 144142"
size-neo4j-up_larger-23-spark,port,resources,count,False,"Count differs: resources User.1 has 50733, port User.2 has 51110"
size-neo4j-up_larger-23-spark,port,resources,count,False,"Count differs: resources User.2 has 289205, port User.3 has 288971"
size-neo4j-up_larger-23-spark,port,resources,count,False,"Count differs: resources User.3 has 60062, port User.4 has 59919"
size-neo4j-up_larger-23-spark,port,resources,count,False,"Count differs: resources User.4 has 339953, port User.5 has 340214"
size-neo4j-up_larger-23-spark,port,resources,count,False,"Count differs: resources User.5 has 60047, port User.1 has 59786"
size-neo4j-up_larger-23-spark,port,resources,count,False,"Count differs: resources WATCHED.1 has 679891, port WATCHED.1 has 680295"
size-neo4j-up_larger-23-spark,port,resources,count,False,"Count differs: resources FAVORITE.1 has 289205, port FAVORITE.1 has 288971"
