run_id,total_time,normalized
oracle_chain-mongodb-up_a_small-23-python,18.27,283.69565217391306
oracle_chain-mongodb-up_a_medium-23-python,18.75,180.81002892960464
oracle_chain-mongodb-up_a_large-23-python,19.68,91.06894956038872
oracle_chain-mongodb-up_a_larger-23-python,27.04,48.84393063583815
oracle_chain-mongodb-up_b_small-23-python,18.38,393.576017130621
oracle_chain-mongodb-up_b_medium-23-python,18.77,198.83474576271186
oracle_chain-mongodb-up_b_large-23-python,19.42,93.68065605402798
oracle_chain-mongodb-up_b_larger-23-python,21.55,41.594286817216755
oracle_chain-mongodb-up_a_small-23-spark,18.51,335.93466424682396
oracle_chain-mongodb-up_a_medium-23-spark,18.79,195.32224532224532
oracle_chain-mongodb-up_a_large-23-spark,19.54,84.44252376836646
oracle_chain-mongodb-up_a_larger-23-spark,21.38,36.84301223505083
oracle_chain-mongodb-up_b_small-23-spark,18.51,302.94599018003277
oracle_chain-mongodb-up_b_medium-23-spark,18.73,208.11111111111111
oracle_chain-mongodb-up_b_large-23-spark,19.69,99.89852866565197
oracle_chain-mongodb-up_b_larger-23-spark,21.39,41.11089755910052
oracle_chain-neo4j-movies_min-23-python,9.56,68.13970064148253
oracle_chain-neo4j-up_medium-23-python,11.07,101.74632352941177
oracle_chain-neo4j-up_large-23-python,17.58,57.94330916282135
oracle_chain-neo4j-up_larger-23-python,39.25,41.684367034834324
oracle_chain-neo4j-movies_min-23-spark,8.11,103.84122919334186
oracle_chain-neo4j-up_medium-23-spark,11.02,99.99999999999999
oracle_chain-neo4j-up_large-23-spark,18.06,63.03664921465969
oracle_chain-neo4j-up_larger-23-spark,41.05,45.865921787709496
