run_id,experiment,size,paradigm,route,target,origin,engine,total_time,extraction_time,inference_time,write_time,boot_time,query_time,normalized
equivalence-mongodb-northwind-file-python,equivalence,,mongodb,,northwind,file,python,17.52,0.01,17.50,0.01,,,
equivalence-mongodb-northwind-database-python,equivalence,,mongodb,,northwind,database,python,17.20,0.00,17.18,0.01,,,
oracle_chain-mongodb-up_a_small-23-python,oracle_chain,small,mongodb,A,up_a_small,database,python,1.76,1.74,0.01,0.00,,0.0644,27.32919254658385
oracle_chain-mongodb-up_a_medium-23-python,oracle_chain,medium,mongodb,A,up_a_medium,database,python,3.90,3.88,0.01,0.00,,0.1037,37.60848601735776
oracle_chain-mongodb-up_a_large-23-python,oracle_chain,large,mongodb,A,up_a_large,database,python,10.57,10.55,0.02,0.00,,0.2161,48.912540490513656
oracle_chain-mongodb-up_a_larger-23-python,oracle_chain,larger,mongodb,A,up_a_larger,database,python,32.23,32.19,0.05,0.00,,0.5536,58.21893063583815
oracle_chain-mongodb-up_b_small-23-python,oracle_chain,small,mongodb,B,up_b_small,database,python,1.06,1.04,0.01,0.00,,0.0467,22.698072805139187
oracle_chain-mongodb-up_b_medium-23-python,oracle_chain,medium,mongodb,B,up_b_medium,database,python,2.30,2.28,0.01,0.00,,0.0944,24.364406779661017
oracle_chain-mongodb-up_b_large-23-python,oracle_chain,large,mongodb,B,up_b_large,database,python,5.61,5.59,0.02,0.00,,0.2073,27.062228654124457
oracle_chain-mongodb-up_b_larger-23-python,oracle_chain,larger,mongodb,B,up_b_larger,database,python,15.44,15.40,0.04,0.00,,0.5181,29.801196680177572
size-mongodb-up_a_small-23-python,size,small,mongodb,A,up_a_small,database,python,1.73,1.71,0.01,0.00,,0.0402,43.03482587064676
size-mongodb-up_a_medium-23-python,size,medium,mongodb,A,up_a_medium,database,python,3.95,3.94,0.01,0.00,,0.0869,45.45454545454545
size-mongodb-up_a_large-23-python,size,large,mongodb,A,up_a_large,database,python,10.58,10.56,0.02,0.00,,0.2076,50.96339113680154
size-mongodb-up_a_larger-23-python,size,larger,mongodb,A,up_a_larger,database,python,32.15,32.10,0.05,0.00,,0.5665,56.75198587819947
size-mongodb-up_b_small-23-python,size,small,mongodb,B,up_b_small,database,python,1.05,1.04,0.01,0.00,,0.0467,22.483940042826553
size-mongodb-up_b_medium-23-python,size,medium,mongodb,B,up_b_medium,database,python,2.29,2.28,0.01,0.00,,0.0797,28.732747804266
size-mongodb-up_b_large-23-python,size,large,mongodb,B,up_b_large,database,python,5.63,5.61,0.02,0.00,,0.1893,29.741151611199154
size-mongodb-up_b_larger-23-python,size,larger,mongodb,B,up_b_larger,database,python,15.40,15.36,0.04,0.00,,0.5200,29.615384615384617
oracle_chain-mongodb-up_a_small-23-spark,oracle_chain,small,mongodb,A,up_a_small,database,spark,2.26,2.24,0.02,0.00,2.02,0.0551,41.016333938294004
oracle_chain-mongodb-up_a_medium-23-spark,oracle_chain,medium,mongodb,A,up_a_medium,database,spark,2.70,2.67,0.03,0.00,2.26,0.0962,28.066528066528072
oracle_chain-mongodb-up_a_large-23-spark,oracle_chain,large,mongodb,A,up_a_large,database,spark,4.13,4.11,0.02,0.00,2.05,0.2314,17.847882454624028
oracle_chain-mongodb-up_a_larger-23-spark,oracle_chain,larger,mongodb,A,up_a_larger,database,spark,8.74,8.67,0.06,0.00,2.14,0.5803,15.061175254178872
oracle_chain-mongodb-up_b_small-23-spark,oracle_chain,small,mongodb,B,up_b_small,database,spark,2.22,2.20,0.02,0.00,2.03,0.0611,36.33387888707038
oracle_chain-mongodb-up_b_medium-23-spark,oracle_chain,medium,mongodb,B,up_b_medium,database,spark,2.51,2.49,0.02,0.00,2.17,0.0900,27.88888888888889
oracle_chain-mongodb-up_b_large-23-spark,oracle_chain,large,mongodb,B,up_b_large,database,spark,3.26,3.24,0.02,0.00,2.05,0.1971,16.539827498731608
oracle_chain-mongodb-up_b_larger-23-spark,oracle_chain,larger,mongodb,B,up_b_larger,database,spark,4.57,4.53,0.04,0.00,2.04,0.5203,8.783394195656353
size-mongodb-up_a_small-23-spark,size,small,mongodb,A,up_a_small,database,spark,2.39,2.37,0.02,0.00,2.27,0.0437,54.69107551487414
size-mongodb-up_a_medium-23-spark,size,medium,mongodb,A,up_a_medium,database,spark,2.66,2.62,0.03,0.00,2.05,0.0910,29.230769230769234
size-mongodb-up_a_large-23-spark,size,large,mongodb,A,up_a_large,database,spark,4.18,4.16,0.02,0.00,2.26,0.2109,19.819819819819816
size-mongodb-up_a_larger-23-spark,size,larger,mongodb,A,up_a_larger,database,spark,8.86,8.80,0.06,0.00,2.00,0.5916,14.976335361730898
size-mongodb-up_b_small-23-spark,size,small,mongodb,B,up_b_small,database,spark,2.30,2.28,0.02,0.00,2.00,0.0419,54.8926014319809
size-mongodb-up_b_medium-23-spark,size,medium,mongodb,B,up_b_medium,database,spark,2.47,2.45,0.01,0.00,2.12,0.0862,28.654292343387475
size-mongodb-up_b_large-23-spark,size,large,mongodb,B,up_b_large,database,spark,3.07,3.04,0.03,0.00,2.02,0.1967,15.607524148449414
size-mongodb-up_b_larger-23-spark,size,larger,mongodb,B,up_b_larger,database,spark,4.44,4.38,0.05,0.00,2.03,0.5240,8.473282442748092
oracle_chain-neo4j-movies_min-23-python,oracle_chain,small,neo4j,,movies_min,database,python,13.36,13.35,0.00,0.01,,0.1403,95.22451888809692
oracle_chain-neo4j-up_medium-23-python,oracle_chain,medium,neo4j,,up_medium,database,python,35.35,35.35,0.00,0.00,,0.1088,324.90808823529414
oracle_chain-neo4j-up_large-23-python,oracle_chain,large,neo4j,,up_large,database,python,117.71,117.71,0.00,0.00,,0.3034,387.9696769940672
oracle_chain-neo4j-up_larger-23-python,oracle_chain,larger,neo4j,,up_larger,database,python,422.69,422.68,0.00,0.00,,0.9416,448.90611724723874
size-neo4j-movies_min-23-python,size,small,neo4j,,movies_min,database,python,13.31,13.30,0.00,0.00,,0.0942,141.29511677282377
size-neo4j-up_medium-23-python,size,medium,neo4j,,up_medium,database,python,36.41,36.41,0.00,0.00,,0.1149,316.8842471714534
size-neo4j-up_large-23-python,size,large,neo4j,,up_large,database,python,121.23,121.23,0.00,0.00,,0.2866,422.9937194696441
size-neo4j-up_larger-23-python,size,larger,neo4j,,up_larger,database,python,422.78,422.77,0.00,0.00,,0.8691,486.45725463122767
oracle_chain-neo4j-movies_min-23-spark,oracle_chain,small,neo4j,,movies_min,database,spark,3.96,3.95,0.01,0.00,2.46,0.0781,50.70422535211267
oracle_chain-neo4j-up_medium-23-spark,oracle_chain,medium,neo4j,,up_medium,database,spark,5.44,5.42,0.02,0.01,2.15,0.1102,49.364791288566245
oracle_chain-neo4j-up_large-23-spark,oracle_chain,large,neo4j,,up_large,database,spark,12.83,12.82,0.01,0.00,2.11,0.2865,44.78184991273997
oracle_chain-neo4j-up_larger-23-spark,oracle_chain,larger,neo4j,,up_larger,database,spark,39.51,39.49,0.01,0.01,2.02,0.8950,44.14525139664804
size-neo4j-movies_min-23-spark,size,small,neo4j,,movies_min,database,spark,3.61,3.61,0.00,0.00,2.15,0.0587,61.49914821124361
size-neo4j-up_medium-23-spark,size,medium,neo4j,,up_medium,database,spark,5.70,5.68,0.01,0.00,1.99,0.0980,58.16326530612245
size-neo4j-up_large-23-spark,size,large,neo4j,,up_large,database,spark,12.94,12.93,0.00,0.00,1.90,0.2893,44.7286553750432
size-neo4j-up_larger-23-spark,size,larger,neo4j,,up_larger,database,spark,39.15,39.14,0.01,0.00,2.00,0.8912,43.929533213644525
